100,0.0625,0.1,0.0125,0.0,1.1456506252288818
100,0.005,0.1,0.0125,0.0,11.587220430374146
500,0.005,0.1,0.0125,0.0,11.732094049453735
1000,0.005,0.1,0.0125,0.0,11.88225531578064
5000,0.005,0.1,0.0125,0.0,12.884780406951904
100,0.0125,0.1,0.0125,0.0,2.2465407848358154
500,0.0125,0.1,0.0125,0.0,2.2601730823516846
1000,0.0125,0.1,0.0125,0.0,2.288104295730591
5000,0.0125,0.1,0.0125,0.0,2.3508241176605225
100,0.025,0.1,0.0125,0.0,1.409106731414795
500,0.025,0.1,0.0125,0.0,1.419816017150879
1000,0.025,0.1,0.0125,0.0,1.4142355918884277
5000,0.025,0.1,0.0125,0.0,1.454256296157837
100,0.0375,0.1,0.0125,0.0,1.216996669769287
500,0.0375,0.1,0.0125,0.0,1.2232587337493896
1000,0.0375,0.1,0.0125,0.0,1.2325453758239746
5000,0.0375,0.1,0.0125,0.0,1.2349810600280762
100,0.05,0.1,0.0125,0.0,1.1609508991241455
500,0.05,0.1,0.0125,0.0,1.1603188514709473
1000,0.05,0.1,0.0125,0.0,1.1609666347503662
5000,0.05,0.1,0.0125,0.0,1.1590263843536377
100,0.005,0.25,0.0125,0.0,107.15410780906677
500,0.005,0.25,0.0125,0.0,112.49369144439697
1000,0.005,0.25,0.0125,0.0,118.59997272491455
5000,0.005,0.25,0.0125,0.0,165.60600638389587
100,0.0125,0.25,0.0125,0.0,11.646431922912598
500,0.0125,0.25,0.0125,0.0,11.949859857559204
1000,0.0125,0.25,0.0125,0.0,12.477018594741821
5000,0.0125,0.25,0.0125,0.0,14.073102951049805
100,0.025,0.25,0.0125,0.0,2.9035532474517822
500,0.025,0.25,0.0125,0.0,2.9527363777160645
1000,0.025,0.25,0.0125,0.0,2.998870849609375
5000,0.025,0.25,0.0125,0.0,3.1468822956085205
100,0.0375,0.25,0.0125,0.0,1.8191790580749512
500,0.0375,0.25,0.0125,0.0,1.8469078540802002
1000,0.0375,0.25,0.0125,0.0,1.866530179977417
5000,0.0375,0.25,0.0125,0.0,1.9342193603515625
100,0.05,0.25,0.0125,0.0,1.488067626953125
500,0.05,0.25,0.0125,0.0,1.495607614517212
1000,0.05,0.25,0.0125,0.0,1.5086019039154053
5000,0.05,0.25,0.0125,0.0,1.5510458946228027
100,0.005,0.5,0.0125,0.0,496.9168245792389
500,0.005,0.5,0.0125,0.0,536.641181230545
1000,0.005,0.5,0.0125,0.0,586.3541827201843
5000,0.005,0.5,0.0125,0.0,1070.573123216629
100,0.0125,0.5,0.0125,0.0,58.57180070877075
500,0.0125,0.5,0.0125,0.0,65.90262603759766
1000,0.0125,0.5,0.0125,0.0,72.31437301635742
5000,0.0125,0.5,0.0125,0.0,113.06749367713928
100,0.025,0.5,0.0125,0.0,11.69837236404419
500,0.025,0.5,0.0125,0.0,13.447877883911133
1000,0.025,0.5,0.0125,0.0,12.828263998031616
5000,0.025,0.5,0.0125,0.0,15.486499547958374
100,0.0375,0.5,0.0125,0.0,4.65155816078186
500,0.0375,0.5,0.0125,0.0,4.793081045150757
1000,0.0375,0.5,0.0125,0.0,4.888617515563965
5000,0.0375,0.5,0.0125,0.0,5.5680036544799805
100,0.05,0.5,0.0125,0.0,2.9105937480926514
500,0.05,0.5,0.0125,0.0,2.991828680038452
1000,0.05,0.5,0.0125,0.0,3.0351898670196533
5000,0.05,0.5,0.0125,0.0,3.2522780895233154
100,0.005,0.1,0.0125,0.0,11.614424467086792
500,0.005,0.1,0.0125,0.0,11.73835825920105
1000,0.005,0.1,0.0125,0.0,11.904269933700562
5000,0.005,0.1,0.0125,0.0,12.911014080047607
100,0.0125,0.1,0.0125,0.0,2.2585971355438232
500,0.0125,0.1,0.0125,0.0,2.2721822261810303
1000,0.0125,0.1,0.0125,0.0,2.2910983562469482
5000,0.0125,0.1,0.0125,0.0,2.33906626701355
100,0.025,0.1,0.0125,0.0,1.417231798171997
500,0.025,0.1,0.0125,0.0,1.4153878688812256
1000,0.025,0.1,0.0125,0.0,1.4278340339660645
5000,0.025,0.1,0.0125,0.0,1.4602694511413574
100,0.0375,0.1,0.0125,0.0,1.2270772457122803
500,0.0375,0.1,0.0125,0.0,1.2266645431518555
1000,0.0375,0.1,0.0125,0.0,1.225142478942871
5000,0.0375,0.1,0.0125,0.0,1.2456080913543701
100,0.05,0.1,0.0125,0.0,1.1640617847442627
500,0.05,0.1,0.0125,0.0,1.1608657836914062
1000,0.05,0.1,0.0125,0.0,1.1555047035217285
5000,0.05,0.1,0.0125,0.0,1.1659770011901855
100,0.005,0.25,0.0125,0.0,107.00414419174194
500,0.005,0.25,0.0125,0.0,112.09251594543457
1000,0.005,0.25,0.0125,0.0,118.7205331325531
5000,0.005,0.25,0.0125,0.0,165.88855123519897
100,0.0125,0.25,0.0125,0.0,11.608658075332642
500,0.0125,0.25,0.0125,0.0,11.951431512832642
1000,0.0125,0.25,0.0125,0.0,12.472709894180298
5000,0.0125,0.25,0.0125,0.0,14.050121307373047
100,0.025,0.25,0.0125,0.0,2.8897290229797363
500,0.025,0.25,0.0125,0.0,2.9489779472351074
1000,0.025,0.25,0.0125,0.0,2.9992363452911377
5000,0.025,0.25,0.0125,0.0,3.1323671340942383
100,0.0375,0.25,0.0125,0.0,1.819918155670166
500,0.0375,0.25,0.0125,0.0,1.837646245956421
1000,0.0375,0.25,0.0125,0.0,1.855384111404419
5000,0.0375,0.25,0.0125,0.0,1.938347578048706
100,0.05,0.25,0.0125,0.0,1.4944796562194824
500,0.05,0.25,0.0125,0.0,1.5029964447021484
1000,0.05,0.25,0.0125,0.0,1.5128085613250732
5000,0.05,0.25,0.0125,0.0,1.5457627773284912
100,0.005,0.5,0.0125,0.0,494.7942924499512
500,0.005,0.5,0.0125,0.0,536.408851146698
1000,0.005,0.5,0.0125,0.0,588.275298833847
5000,0.005,0.5,0.0125,0.0,1067.1301617622375
100,0.0125,0.5,0.0125,0.0,58.68577289581299
500,0.0125,0.5,0.0125,0.0,65.92383766174316
1000,0.0125,0.5,0.0125,0.0,72.14897274971008
5000,0.0125,0.5,0.0125,0.0,112.22924757003784
100,0.025,0.5,0.0125,0.0,11.723569631576538
500,0.025,0.5,0.0125,0.0,12.48312497138977
1000,0.025,0.5,0.0125,0.0,12.824565649032593
5000,0.025,0.5,0.0125,0.0,15.59546685218811
100,0.0375,0.5,0.0125,0.0,4.592090606689453
500,0.0375,0.5,0.0125,0.0,4.791409254074097
1000,0.0375,0.5,0.0125,0.0,5.082257270812988
5000,0.0375,0.5,0.0125,0.0,5.561557292938232
100,0.05,0.5,0.0125,0.0,2.89674973487854
500,0.05,0.5,0.0125,0.0,3.0020554065704346
1000,0.05,0.5,0.0125,0.0,3.04291033744812
5000,0.05,0.5,0.0125,0.0,3.2659337520599365
100,0.005,0.1,0.0125,0.0,11.6256263256073
500,0.005,0.1,0.0125,0.0,11.762557744979858
1000,0.005,0.1,0.0125,0.0,11.958395004272461
5000,0.005,0.1,0.0125,0.0,12.976061344146729
100,0.0125,0.1,0.0125,0.0,2.25366473197937
500,0.0125,0.1,0.0125,0.0,2.2766764163970947
1000,0.0125,0.1,0.0125,0.0,2.296520709991455
5000,0.0125,0.1,0.0125,0.0,2.356114149093628
100,0.025,0.1,0.0125,0.0,1.4204180240631104
500,0.025,0.1,0.0125,0.0,1.4206750392913818
1000,0.025,0.1,0.0125,0.0,1.4262347221374512
5000,0.025,0.1,0.0125,0.0,1.449608564376831
100,0.0375,0.1,0.0125,0.0,1.2319369316101074
500,0.0375,0.1,0.0125,0.0,1.2362265586853027
1000,0.0375,0.1,0.0125,0.0,1.237668752670288
5000,0.0375,0.1,0.0125,0.0,1.2629766464233398
100,0.05,0.1,0.0125,0.0,1.1597301959991455
500,0.05,0.1,0.0125,0.0,1.1591992378234863
1000,0.05,0.1,0.0125,0.0,1.1601476669311523
5000,0.05,0.1,0.0125,0.0,1.1684608459472656
100,0.005,0.25,0.0125,0.0,107.87779974937439
500,0.005,0.25,0.0125,0.0,112.06849336624146
1000,0.005,0.25,0.0125,0.0,118.82654166221619
5000,0.005,0.25,0.0125,0.0,165.8832142353058
100,0.0125,0.25,0.0125,0.0,11.637412786483765
500,0.0125,0.25,0.0125,0.0,12.007671356201172
1000,0.0125,0.25,0.0125,0.0,12.5234055519104
5000,0.0125,0.25,0.0125,0.0,14.111152410507202
100,0.025,0.25,0.0125,0.0,2.895704984664917
500,0.025,0.25,0.0125,0.0,2.964103937149048
1000,0.025,0.25,0.0125,0.0,3.0047976970672607
5000,0.025,0.25,0.0125,0.0,3.143465280532837
100,0.0375,0.25,0.0125,0.0,1.8295340538024902
500,0.0375,0.25,0.0125,0.0,1.8521571159362793
1000,0.0375,0.25,0.0125,0.0,1.8599939346313477
5000,0.0375,0.25,0.0125,0.0,1.9343016147613525
100,0.05,0.25,0.0125,0.0,1.4918620586395264
500,0.05,0.25,0.0125,0.0,1.5014407634735107
1000,0.05,0.25,0.0125,0.0,1.5101964473724365
5000,0.05,0.25,0.0125,0.0,1.5617458820343018
100,0.005,0.5,0.0125,0.0,493.77199840545654
500,0.005,0.5,0.0125,0.0,537.9120802879333
1000,0.005,0.5,0.0125,0.0,586.761880159378
5000,0.005,0.5,0.0125,0.0,1068.736310005188
100,0.0125,0.5,0.0125,0.0,58.60501766204834
500,0.0125,0.5,0.0125,0.0,65.62339854240417
1000,0.0125,0.5,0.0125,0.0,72.03774547576904
5000,0.0125,0.5,0.0125,0.0,113.21257305145264
100,0.025,0.5,0.0125,0.0,11.669278383255005
500,0.025,0.5,0.0125,0.0,12.475803136825562
1000,0.025,0.5,0.0125,0.0,12.83435320854187
5000,0.025,0.5,0.0125,0.0,15.562845230102539
100,0.0375,0.5,0.0125,0.0,4.7119762897491455
500,0.0375,0.5,0.0125,0.0,4.792959451675415
1000,0.0375,0.5,0.0125,0.0,4.891191005706787
5000,0.0375,0.5,0.0125,0.0,5.593760251998901
100,0.05,0.5,0.0125,0.0,2.910595178604126
500,0.05,0.5,0.0125,0.0,2.9897027015686035
1000,0.05,0.5,0.0125,0.0,3.045640230178833
5000,0.05,0.5,0.0125,0.0,3.255103588104248
100,0.005,0.1,0.0125,0.0,11.61742901802063
500,0.005,0.1,0.0125,0.0,11.784527063369751
1000,0.005,0.1,0.0125,0.0,11.935512065887451
5000,0.005,0.1,0.0125,0.0,12.89975118637085
100,0.0125,0.1,0.0125,0.0,2.259690284729004
500,0.0125,0.1,0.0125,0.0,2.2819035053253174
1000,0.0125,0.1,0.0125,0.0,2.285423755645752
5000,0.0125,0.1,0.0125,0.0,2.346444606781006
100,0.025,0.1,0.0125,0.0,1.4160101413726807
500,0.025,0.1,0.0125,0.0,1.4239237308502197
1000,0.025,0.1,0.0125,0.0,1.4233248233795166
5000,0.025,0.1,0.0125,0.0,1.4657106399536133
100,0.0375,0.1,0.0125,0.0,1.2299044132232666
500,0.0375,0.1,0.0125,0.0,1.2300405502319336
1000,0.0375,0.1,0.0125,0.0,1.232365369796753
5000,0.0375,0.1,0.0125,0.0,1.241117000579834
100,0.05,0.1,0.0125,0.0,1.1647439002990723
500,0.05,0.1,0.0125,0.0,1.1589131355285645
1000,0.05,0.1,0.0125,0.0,1.1537456512451172
5000,0.05,0.1,0.0125,0.0,1.1708760261535645
100,0.005,0.25,0.0125,0.0,107.48290681838989
500,0.005,0.25,0.0125,0.0,112.03126692771912
1000,0.005,0.25,0.0125,0.0,118.34105443954468
5000,0.005,0.25,0.0125,0.0,165.94564127922058
100,0.0125,0.25,0.0125,0.0,11.621271133422852
500,0.0125,0.25,0.0125,0.0,11.951501846313477
1000,0.0125,0.25,0.0125,0.0,12.451224327087402
5000,0.0125,0.25,0.0125,0.0,14.064165830612183
100,0.025,0.25,0.0125,0.0,2.8903887271881104
500,0.025,0.25,0.0125,0.0,2.952653646469116
1000,0.025,0.25,0.0125,0.0,2.997532844543457
5000,0.025,0.25,0.0125,0.0,3.1393091678619385
100,0.0375,0.25,0.0125,0.0,1.8140673637390137
500,0.0375,0.25,0.0125,0.0,1.8440792560577393
1000,0.0375,0.25,0.0125,0.0,1.8586134910583496
5000,0.0375,0.25,0.0125,0.0,1.9363884925842285
100,0.05,0.25,0.0125,0.0,1.4913346767425537
500,0.05,0.25,0.0125,0.0,1.4997665882110596
1000,0.05,0.25,0.0125,0.0,1.5083715915679932
5000,0.05,0.25,0.0125,0.0,1.5501267910003662
100,0.005,0.5,0.0125,0.0,494.41488313674927
500,0.005,0.5,0.0125,0.0,536.0251884460449
1000,0.005,0.5,0.0125,0.0,586.4135112762451
5000,0.005,0.5,0.0125,0.0,1065.9326169490814
100,0.0125,0.5,0.0125,0.0,58.82458567619324
500,0.0125,0.5,0.0125,0.0,66.13048124313354
1000,0.0125,0.5,0.0125,0.0,72.17619824409485
5000,0.0125,0.5,0.0125,0.0,112.0819959640503
100,0.025,0.5,0.0125,0.0,11.692130088806152
500,0.025,0.5,0.0125,0.0,12.513861656188965
1000,0.025,0.5,0.0125,0.0,12.848573446273804
5000,0.025,0.5,0.0125,0.0,15.536823034286499
100,0.0375,0.5,0.0125,0.0,4.574354887008667
500,0.0375,0.5,0.0125,0.0,4.772193670272827
1000,0.0375,0.5,0.0125,0.0,4.89394998550415
5000,0.0375,0.5,0.0125,0.0,5.622539281845093
100,0.05,0.5,0.0125,0.0,2.9074556827545166
500,0.05,0.5,0.0125,0.0,2.991267204284668
1000,0.05,0.5,0.0125,0.0,3.0409610271453857
5000,0.05,0.5,0.0125,0.0,3.264845848083496
100,0.005,0.1,0.0125,0.0,11.628026723861694
500,0.005,0.1,0.0125,0.0,11.799198865890503
1000,0.005,0.1,0.0125,0.0,11.934459447860718
5000,0.005,0.1,0.0125,0.0,12.89202094078064
100,0.0125,0.1,0.0125,0.0,2.4712719917297363
500,0.0125,0.1,0.0125,0.0,2.265829086303711
1000,0.0125,0.1,0.0125,0.0,2.2934067249298096
5000,0.0125,0.1,0.0125,0.0,2.343251943588257
100,0.025,0.1,0.0125,0.0,1.413243293762207
500,0.025,0.1,0.0125,0.0,1.4276041984558105
1000,0.025,0.1,0.0125,0.0,1.4232165813446045
5000,0.025,0.1,0.0125,0.0,1.4525179862976074
100,0.0375,0.1,0.0125,0.0,1.2296223640441895
500,0.0375,0.1,0.0125,0.0,1.2309849262237549
1000,0.0375,0.1,0.0125,0.0,1.2279384136199951
5000,0.0375,0.1,0.0125,0.0,1.2437467575073242
100,0.05,0.1,0.0125,0.0,1.1555347442626953
500,0.05,0.1,0.0125,0.0,1.1562464237213135
1000,0.05,0.1,0.0125,0.0,1.1618916988372803
5000,0.05,0.1,0.0125,0.0,1.171976089477539
100,0.005,0.25,0.0125,0.0,107.62520098686218
500,0.005,0.25,0.0125,0.0,112.0608377456665
1000,0.005,0.25,0.0125,0.0,118.75233960151672
5000,0.005,0.25,0.0125,0.0,165.9519760608673
100,0.0125,0.25,0.0125,0.0,11.642627954483032
500,0.0125,0.25,0.0125,0.0,11.956127405166626
1000,0.0125,0.25,0.0125,0.0,12.475905418395996
5000,0.0125,0.25,0.0125,0.0,14.075348854064941
100,0.025,0.25,0.0125,0.0,2.896888017654419
500,0.025,0.25,0.0125,0.0,2.9580488204956055
1000,0.025,0.25,0.0125,0.0,3.003422737121582
5000,0.025,0.25,0.0125,0.0,3.139315128326416
100,0.0375,0.25,0.0125,0.0,1.8278930187225342
500,0.0375,0.25,0.0125,0.0,1.8486108779907227
1000,0.0375,0.25,0.0125,0.0,1.8635921478271484
5000,0.0375,0.25,0.0125,0.0,1.9354314804077148
100,0.05,0.25,0.0125,0.0,1.4930651187896729
500,0.05,0.25,0.0125,0.0,1.5160353183746338
1000,0.05,0.25,0.0125,0.0,1.5166716575622559
5000,0.05,0.25,0.0125,0.0,1.5562505722045898
100,0.005,0.5,0.0125,0.0,493.475736618042
500,0.005,0.5,0.0125,0.0,535.8471190929413
1000,0.005,0.5,0.0125,0.0,585.6880502700806
5000,0.005,0.5,0.0125,0.0,1064.230225801468
100,0.0125,0.5,0.0125,0.0,58.93872618675232
500,0.0125,0.5,0.0125,0.0,65.49502730369568
1000,0.0125,0.5,0.0125,0.0,71.875159740448
5000,0.0125,0.5,0.0125,0.0,112.04866528511047
100,0.025,0.5,0.0125,0.0,11.697945594787598
500,0.025,0.5,0.0125,0.0,12.538151025772095
1000,0.025,0.5,0.0125,0.0,12.849441766738892
5000,0.025,0.5,0.0125,0.0,15.607134342193604
100,0.0375,0.5,0.0125,0.0,4.570690870285034
500,0.0375,0.5,0.0125,0.0,4.803695917129517
1000,0.0375,0.5,0.0125,0.0,4.895412921905518
5000,0.0375,0.5,0.0125,0.0,5.58134651184082
100,0.05,0.5,0.0125,0.0,2.9239847660064697
500,0.05,0.5,0.0125,0.0,2.985180616378784
1000,0.05,0.5,0.0125,0.0,3.0512781143188477
5000,0.05,0.5,0.0125,0.0,3.26576566696167
100,0.005,0.1,0.0125,0.0,11.598945379257202
500,0.005,0.1,0.0125,0.0,11.74671459197998
1000,0.005,0.1,0.0125,0.0,11.944197416305542
5000,0.005,0.1,0.0125,0.0,12.897596836090088
100,0.0125,0.1,0.0125,0.0,2.272688150405884
500,0.0125,0.1,0.0125,0.0,2.281240940093994
1000,0.0125,0.1,0.0125,0.0,2.2937309741973877
5000,0.0125,0.1,0.0125,0.0,2.339172840118408
100,0.025,0.1,0.0125,0.0,1.4160223007202148
500,0.025,0.1,0.0125,0.0,1.4208848476409912
1000,0.025,0.1,0.0125,0.0,1.4345979690551758
5000,0.025,0.1,0.0125,0.0,1.463500738143921
100,0.0375,0.1,0.0125,0.0,1.2334651947021484
500,0.0375,0.1,0.0125,0.0,1.226576805114746
1000,0.0375,0.1,0.0125,0.0,1.2360022068023682
5000,0.0375,0.1,0.0125,0.0,1.2485918998718262
100,0.05,0.1,0.0125,0.0,1.157994270324707
500,0.05,0.1,0.0125,0.0,1.1562087535858154
1000,0.05,0.1,0.0125,0.0,1.1649866104125977
5000,0.05,0.1,0.0125,0.0,1.1630489826202393
100,0.005,0.25,0.0125,0.0,107.52585649490356
500,0.005,0.25,0.0125,0.0,112.00732517242432
1000,0.005,0.25,0.0125,0.0,118.75797748565674
5000,0.005,0.25,0.0125,0.0,166.28434801101685
100,0.0125,0.25,0.0125,0.0,11.6360182762146
500,0.0125,0.25,0.0125,0.0,11.970301151275635
1000,0.0125,0.25,0.0125,0.0,12.452125549316406
5000,0.0125,0.25,0.0125,0.0,14.058459281921387
100,0.025,0.25,0.0125,0.0,2.9172778129577637
500,0.025,0.25,0.0125,0.0,2.95985746383667
1000,0.025,0.25,0.0125,0.0,3.005017042160034
5000,0.025,0.25,0.0125,0.0,3.1394495964050293
100,0.0375,0.25,0.0125,0.0,1.821122646331787
500,0.0375,0.25,0.0125,0.0,1.8530466556549072
1000,0.0375,0.25,0.0125,0.0,1.8650169372558594
5000,0.0375,0.25,0.0125,0.0,1.9438395500183105
100,0.05,0.25,0.0125,0.0,1.500351905822754
500,0.05,0.25,0.0125,0.0,1.4986209869384766
1000,0.05,0.25,0.0125,0.0,1.5148730278015137
5000,0.05,0.25,0.0125,0.0,1.5481395721435547
100,0.005,0.5,0.0125,0.0,495.3846697807312
500,0.005,0.5,0.0125,0.0,535.3368663787842
1000,0.005,0.5,0.0125,0.0,586.7932133674622
5000,0.005,0.5,0.0125,0.0,1069.4809370040894
100,0.0125,0.5,0.0125,0.0,58.86045742034912
500,0.0125,0.5,0.0125,0.0,65.65044903755188
1000,0.0125,0.5,0.0125,0.0,71.89791750907898
5000,0.0125,0.5,0.0125,0.0,112.7154188156128
100,0.025,0.5,0.0125,0.0,11.701651096343994
500,0.025,0.5,0.0125,0.0,12.47284483909607
1000,0.025,0.5,0.0125,0.0,12.845581531524658
5000,0.025,0.5,0.0125,0.0,15.584422826766968
100,0.0375,0.5,0.0125,0.0,4.609232664108276
500,0.0375,0.5,0.0125,0.0,4.792357683181763
1000,0.0375,0.5,0.0125,0.0,4.893461465835571
5000,0.0375,0.5,0.0125,0.0,5.575465679168701
100,0.05,0.5,0.0125,0.0,2.905827760696411
500,0.05,0.5,0.0125,0.0,2.993201732635498
1000,0.05,0.5,0.0125,0.0,3.056248188018799
5000,0.05,0.5,0.0125,0.0,3.2676827907562256
100,0.005,0.1,0.0125,0.0,11.794386148452759
500,0.005,0.1,0.0125,0.0,11.743592262268066
1000,0.005,0.1,0.0125,0.0,11.936670780181885
5000,0.005,0.1,0.0125,0.0,12.983594179153442
100,0.0125,0.1,0.0125,0.0,2.2711195945739746
500,0.0125,0.1,0.0125,0.0,2.2732856273651123
1000,0.0125,0.1,0.0125,0.0,2.297611713409424
5000,0.0125,0.1,0.0125,0.0,2.351983070373535
100,0.025,0.1,0.0125,0.0,1.4242842197418213
500,0.025,0.1,0.0125,0.0,1.4238979816436768
1000,0.025,0.1,0.0125,0.0,1.4185059070587158
5000,0.025,0.1,0.0125,0.0,1.468052625656128
100,0.0375,0.1,0.0125,0.0,1.2360024452209473
500,0.0375,0.1,0.0125,0.0,1.2377219200134277
1000,0.0375,0.1,0.0125,0.0,1.2384607791900635
5000,0.0375,0.1,0.0125,0.0,1.254110336303711
100,0.05,0.1,0.0125,0.0,1.16387939453125
500,0.05,0.1,0.0125,0.0,1.1674513816833496
1000,0.05,0.1,0.0125,0.0,1.1674444675445557
5000,0.05,0.1,0.0125,0.0,1.166649580001831
100,0.005,0.25,0.0125,0.0,107.08840131759644
500,0.005,0.25,0.0125,0.0,112.73880982398987
1000,0.005,0.25,0.0125,0.0,119.2387855052948
5000,0.005,0.25,0.0125,0.0,166.4444079399109
100,0.0125,0.25,0.0125,0.0,11.644487857818604
500,0.0125,0.25,0.0125,0.0,11.950256824493408
1000,0.0125,0.25,0.0125,0.0,12.617746829986572
5000,0.0125,0.25,0.0125,0.0,14.130391597747803
100,0.025,0.25,0.0125,0.0,2.901501417160034
500,0.025,0.25,0.0125,0.0,2.954707384109497
1000,0.025,0.25,0.0125,0.0,2.9948890209198
5000,0.025,0.25,0.0125,0.0,3.15480637550354
100,0.0375,0.25,0.0125,0.0,1.826843500137329
500,0.0375,0.25,0.0125,0.0,1.848271131515503
1000,0.0375,0.25,0.0125,0.0,1.8637313842773438
5000,0.0375,0.25,0.0125,0.0,1.9391567707061768
100,0.05,0.25,0.0125,0.0,1.4958834648132324
500,0.05,0.25,0.0125,0.0,1.5080668926239014
1000,0.05,0.25,0.0125,0.0,1.509171485900879
5000,0.05,0.25,0.0125,0.0,1.5656836032867432
100,0.005,0.5,0.0125,0.0,493.94066643714905
500,0.005,0.5,0.0125,0.0,536.2189898490906
1000,0.005,0.5,0.0125,0.0,591.6049315929413
5000,0.005,0.5,0.0125,0.0,1069.748782157898
100,0.0125,0.5,0.0125,0.0,59.01520252227783
500,0.0125,0.5,0.0125,0.0,66.25209522247314
1000,0.0125,0.5,0.0125,0.0,72.35738348960876
5000,0.0125,0.5,0.0125,0.0,112.99031162261963
100,0.025,0.5,0.0125,0.0,11.737893342971802
500,0.025,0.5,0.0125,0.0,12.506695747375488
1000,0.025,0.5,0.0125,0.0,12.881636619567871
5000,0.025,0.5,0.0125,0.0,15.800857067108154
100,0.0375,0.5,0.0125,0.0,4.598201036453247
500,0.0375,0.5,0.0125,0.0,4.792180061340332
1000,0.0375,0.5,0.0125,0.0,4.889688730239868
5000,0.0375,0.5,0.0125,0.0,5.583032131195068
100,0.05,0.5,0.0125,0.0,2.9113729000091553
500,0.05,0.5,0.0125,0.0,3.0060770511627197
1000,0.05,0.5,0.0125,0.0,3.053987741470337
5000,0.05,0.5,0.0125,0.0,3.2694239616394043
100,0.005,0.1,0.0125,0.0,11.694051504135132
500,0.005,0.1,0.0125,0.0,11.755062341690063
1000,0.005,0.1,0.0125,0.0,11.948680877685547
5000,0.005,0.1,0.0125,0.0,13.036093950271606
100,0.0125,0.1,0.0125,0.0,2.25687313079834
500,0.0125,0.1,0.0125,0.0,2.2800025939941406
1000,0.0125,0.1,0.0125,0.0,2.3010036945343018
5000,0.0125,0.1,0.0125,0.0,2.351874589920044
100,0.025,0.1,0.0125,0.0,1.4256720542907715
500,0.025,0.1,0.0125,0.0,1.4309823513031006
1000,0.025,0.1,0.0125,0.0,1.4464008808135986
5000,0.025,0.1,0.0125,0.0,1.4678666591644287
100,0.0375,0.1,0.0125,0.0,1.2420332431793213
500,0.0375,0.1,0.0125,0.0,1.2354371547698975
1000,0.0375,0.1,0.0125,0.0,1.2360353469848633
5000,0.0375,0.1,0.0125,0.0,1.247645616531372
100,0.05,0.1,0.0125,0.0,1.162395715713501
500,0.05,0.1,0.0125,0.0,1.1643104553222656
1000,0.05,0.1,0.0125,0.0,1.1691792011260986
5000,0.05,0.1,0.0125,0.0,1.1749396324157715
100,0.005,0.25,0.0125,0.0,107.0382878780365
500,0.005,0.25,0.0125,0.0,112.21105551719666
1000,0.005,0.25,0.0125,0.0,118.53293371200562
5000,0.005,0.25,0.0125,0.0,166.49335741996765
100,0.0125,0.25,0.0125,0.0,11.671501398086548
500,0.0125,0.25,0.0125,0.0,12.002415180206299
1000,0.0125,0.25,0.0125,0.0,12.510540008544922
5000,0.0125,0.25,0.0125,0.0,14.149178743362427
100,0.025,0.25,0.0125,0.0,2.907951593399048
500,0.025,0.25,0.0125,0.0,2.9691877365112305
1000,0.025,0.25,0.0125,0.0,3.0080957412719727
5000,0.025,0.25,0.0125,0.0,3.156287431716919
100,0.0375,0.25,0.0125,0.0,1.8287849426269531
500,0.0375,0.25,0.0125,0.0,1.8589155673980713
1000,0.0375,0.25,0.0125,0.0,1.877251148223877
5000,0.0375,0.25,0.0125,0.0,1.952559232711792
100,0.05,0.25,0.0125,0.0,1.4928274154663086
500,0.05,0.25,0.0125,0.0,1.513787031173706
1000,0.05,0.25,0.0125,0.0,1.519251823425293
5000,0.05,0.25,0.0125,0.0,1.5597162246704102
100,0.005,0.5,0.0125,0.0,493.7569258213043
500,0.005,0.5,0.0125,0.0,537.9903547763824
1000,0.005,0.5,0.0125,0.0,585.8256704807281
5000,0.005,0.5,0.0125,0.0,1069.7221772670746
100,0.0125,0.5,0.0125,0.0,58.949458360672
500,0.0125,0.5,0.0125,0.0,65.64588379859924
1000,0.0125,0.5,0.0125,0.0,71.96312952041626
5000,0.0125,0.5,0.0125,0.0,112.33935189247131
100,0.025,0.5,0.0125,0.0,11.717712879180908
500,0.025,0.5,0.0125,0.0,12.51037049293518
1000,0.025,0.5,0.0125,0.0,12.848833322525024
5000,0.025,0.5,0.0125,0.0,15.635955095291138
100,0.0375,0.5,0.0125,0.0,4.5812036991119385
500,0.0375,0.5,0.0125,0.0,4.80984091758728
1000,0.0375,0.5,0.0125,0.0,4.903892993927002
5000,0.0375,0.5,0.0125,0.0,5.568866968154907
100,0.05,0.5,0.0125,0.0,2.9040513038635254
500,0.05,0.5,0.0125,0.0,3.00563383102417
1000,0.05,0.5,0.0125,0.0,3.0437376499176025
5000,0.05,0.5,0.0125,0.0,3.2661311626434326
100,0.005,0.1,0.0125,0.0,11.644848823547363
500,0.005,0.1,0.0125,0.0,11.770012140274048
1000,0.005,0.1,0.0125,0.0,11.94525957107544
5000,0.005,0.1,0.0125,0.0,12.99140739440918
100,0.0125,0.1,0.0125,0.0,2.2643725872039795
500,0.0125,0.1,0.0125,0.0,2.272488832473755
1000,0.0125,0.1,0.0125,0.0,2.3025565147399902
5000,0.0125,0.1,0.0125,0.0,2.3605449199676514
100,0.025,0.1,0.0125,0.0,1.4236721992492676
500,0.025,0.1,0.0125,0.0,1.4326691627502441
1000,0.025,0.1,0.0125,0.0,1.436063528060913
5000,0.025,0.1,0.0125,0.0,1.4814157485961914
100,0.0375,0.1,0.0125,0.0,1.2332704067230225
500,0.0375,0.1,0.0125,0.0,1.240241527557373
1000,0.0375,0.1,0.0125,0.0,1.2357730865478516
5000,0.0375,0.1,0.0125,0.0,1.2535960674285889
100,0.05,0.1,0.0125,0.0,1.1682214736938477
500,0.05,0.1,0.0125,0.0,1.167813777923584
1000,0.05,0.1,0.0125,0.0,1.170382022857666
5000,0.05,0.1,0.0125,0.0,1.1668212413787842
100,0.005,0.25,0.0125,0.0,106.99385404586792
500,0.005,0.25,0.0125,0.0,112.1345567703247
1000,0.005,0.25,0.0125,0.0,118.98374795913696
5000,0.005,0.25,0.0125,0.0,166.61117839813232
100,0.0125,0.25,0.0125,0.0,11.675434350967407
500,0.0125,0.25,0.0125,0.0,11.952313661575317
1000,0.0125,0.25,0.0125,0.0,12.4795503616333
5000,0.0125,0.25,0.0125,0.0,14.142231225967407
100,0.025,0.25,0.0125,0.0,2.910111904144287
500,0.025,0.25,0.0125,0.0,2.97318434715271
1000,0.025,0.25,0.0125,0.0,3.0408332347869873
5000,0.025,0.25,0.0125,0.0,3.140348434448242
100,0.0375,0.25,0.0125,0.0,1.8324456214904785
500,0.0375,0.25,0.0125,0.0,1.8598747253417969
1000,0.0375,0.25,0.0125,0.0,1.8736798763275146
5000,0.0375,0.25,0.0125,0.0,1.9503231048583984
100,0.05,0.25,0.0125,0.0,1.49790358543396
500,0.05,0.25,0.0125,0.0,1.5144217014312744
1000,0.05,0.25,0.0125,0.0,1.521291971206665
5000,0.05,0.25,0.0125,0.0,1.5718424320220947
100,0.005,0.5,0.0125,0.0,495.40236496925354
500,0.005,0.5,0.0125,0.0,537.7620327472687
1000,0.005,0.5,0.0125,0.0,584.1830525398254
5000,0.005,0.5,0.0125,0.0,1068.491013765335
100,0.0125,0.5,0.0125,0.0,58.70975947380066
500,0.0125,0.5,0.0125,0.0,65.85278654098511
1000,0.0125,0.5,0.0125,0.0,72.64373517036438
5000,0.0125,0.5,0.0125,0.0,113.46506905555725
100,0.025,0.5,0.0125,0.0,11.718734741210938
500,0.025,0.5,0.0125,0.0,12.618590116500854
1000,0.025,0.5,0.0125,0.0,12.867370367050171
5000,0.025,0.5,0.0125,0.0,15.644242525100708
100,0.0375,0.5,0.0125,0.0,4.596497297286987
500,0.0375,0.5,0.0125,0.0,4.810753345489502
1000,0.0375,0.5,0.0125,0.0,4.913726329803467
5000,0.0375,0.5,0.0125,0.0,5.596311569213867
100,0.05,0.5,0.0125,0.0,2.9144444465637207
500,0.05,0.5,0.0125,0.0,3.0026655197143555
1000,0.05,0.5,0.0125,0.0,3.054924726486206
5000,0.05,0.5,0.0125,0.0,3.2634544372558594
100,0.005,0.1,0.0125,0.0,11.648794889450073
500,0.005,0.1,0.0125,0.0,11.803706884384155
1000,0.005,0.1,0.0125,0.0,11.968950510025024
5000,0.005,0.1,0.0125,0.0,12.918827295303345
100,0.0125,0.1,0.0125,0.0,2.272047758102417
500,0.0125,0.1,0.0125,0.0,2.2889761924743652
1000,0.0125,0.1,0.0125,0.0,2.3038852214813232
5000,0.0125,0.1,0.0125,0.0,2.3595352172851562
100,0.025,0.1,0.0125,0.0,1.423947811126709
500,0.025,0.1,0.0125,0.0,1.4239540100097656
1000,0.025,0.1,0.0125,0.0,1.4345195293426514
5000,0.025,0.1,0.0125,0.0,1.4694366455078125
100,0.0375,0.1,0.0125,0.0,1.2435390949249268
500,0.0375,0.1,0.0125,0.0,1.2366852760314941
1000,0.0375,0.1,0.0125,0.0,1.2458395957946777
5000,0.0375,0.1,0.0125,0.0,1.2561988830566406
100,0.05,0.1,0.0125,0.0,1.1756887435913086
500,0.05,0.1,0.0125,0.0,1.1576588153839111
1000,0.05,0.1,0.0125,0.0,1.1744046211242676
5000,0.05,0.1,0.0125,0.0,1.1734702587127686
100,0.005,0.25,0.0125,0.0,107.21250987052917
500,0.005,0.25,0.0125,0.0,112.30237150192261
1000,0.005,0.25,0.0125,0.0,118.54910111427307
5000,0.005,0.25,0.0125,0.0,166.39524841308594
100,0.0125,0.25,0.0125,0.0,11.670193195343018
500,0.0125,0.25,0.0125,0.0,11.982475519180298
1000,0.0125,0.25,0.0125,0.0,12.458734273910522
5000,0.0125,0.25,0.0125,0.0,14.131237506866455
100,0.025,0.25,0.0125,0.0,2.918320894241333
500,0.025,0.25,0.0125,0.0,2.967125415802002
1000,0.025,0.25,0.0125,0.0,3.0069971084594727
5000,0.025,0.25,0.0125,0.0,3.1475071907043457
100,0.0375,0.25,0.0125,0.0,1.83839750289917
500,0.0375,0.25,0.0125,0.0,1.8698463439941406
1000,0.0375,0.25,0.0125,0.0,1.8681306838989258
5000,0.0375,0.25,0.0125,0.0,1.946657657623291
100,0.05,0.25,0.0125,0.0,1.495856523513794
500,0.05,0.25,0.0125,0.0,1.5043818950653076
1000,0.05,0.25,0.0125,0.0,1.5168571472167969
5000,0.05,0.25,0.0125,0.0,1.5600335597991943
100,0.005,0.5,0.0125,0.0,494.00012469291687
500,0.005,0.5,0.0125,0.0,535.9765553474426
1000,0.005,0.5,0.0125,0.0,587.3398840427399
5000,0.005,0.5,0.0125,0.0,1071.0931272506714
100,0.0125,0.5,0.0125,0.0,58.7711124420166
500,0.0125,0.5,0.0125,0.0,65.88943934440613
1000,0.0125,0.5,0.0125,0.0,72.35546493530273
5000,0.0125,0.5,0.0125,0.0,112.97056436538696
100,0.025,0.5,0.0125,0.0,11.726095914840698
500,0.025,0.5,0.0125,0.0,12.552233457565308
1000,0.025,0.5,0.0125,0.0,12.890982389450073
5000,0.025,0.5,0.0125,0.0,15.592374563217163
100,0.0375,0.5,0.0125,0.0,4.5997278690338135
500,0.0375,0.5,0.0125,0.0,4.812249660491943
1000,0.0375,0.5,0.0125,0.0,4.902093410491943
5000,0.0375,0.5,0.0125,0.0,5.57668399810791
100,0.05,0.5,0.0125,0.0,2.914543867111206
500,0.05,0.5,0.0125,0.0,3.006539821624756
1000,0.05,0.5,0.0125,0.0,3.0489485263824463
5000,0.05,0.5,0.0125,0.0,3.2692666053771973
100,0.005,0.1,0.0125,0.0,11.600168943405151
500,0.005,0.1,0.0125,0.0,11.822428941726685
1000,0.005,0.1,0.0125,0.0,12.144878625869751
5000,0.005,0.1,0.0125,0.0,12.985827684402466
100,0.0125,0.1,0.0125,0.0,2.2603719234466553
500,0.0125,0.1,0.0125,0.0,2.277491807937622
1000,0.0125,0.1,0.0125,0.0,2.2991116046905518
5000,0.0125,0.1,0.0125,0.0,2.3574671745300293
100,0.025,0.1,0.0125,0.0,1.4265694618225098
500,0.025,0.1,0.0125,0.0,1.4255940914154053
1000,0.025,0.1,0.0125,0.0,1.43369460105896
5000,0.025,0.1,0.0125,0.0,1.4720699787139893
100,0.0375,0.1,0.0125,0.0,1.2368299961090088
500,0.0375,0.1,0.0125,0.0,1.239891767501831
1000,0.0375,0.1,0.0125,0.0,1.24326491355896
5000,0.0375,0.1,0.0125,0.0,1.2539689540863037
100,0.05,0.1,0.0125,0.0,1.1649601459503174
500,0.05,0.1,0.0125,0.0,1.160278558731079
1000,0.05,0.1,0.0125,0.0,1.1676580905914307
5000,0.05,0.1,0.0125,0.0,1.1746788024902344
100,0.005,0.25,0.0125,0.0,108.01417326927185
500,0.005,0.25,0.0125,0.0,112.68227624893188
1000,0.005,0.25,0.0125,0.0,118.56539845466614
5000,0.005,0.25,0.0125,0.0,166.2147867679596
100,0.0125,0.25,0.0125,0.0,11.632009983062744
500,0.0125,0.25,0.0125,0.0,11.964033603668213
1000,0.0125,0.25,0.0125,0.0,12.520617961883545
5000,0.0125,0.25,0.0125,0.0,14.178205728530884
100,0.025,0.25,0.0125,0.0,2.9574482440948486
500,0.025,0.25,0.0125,0.0,2.969818353652954
1000,0.025,0.25,0.0125,0.0,3.0051207542419434
5000,0.025,0.25,0.0125,0.0,3.162951707839966
100,0.0375,0.25,0.0125,0.0,1.8459386825561523
500,0.0375,0.25,0.0125,0.0,1.8552510738372803
1000,0.0375,0.25,0.0125,0.0,1.8616626262664795
5000,0.0375,0.25,0.0125,0.0,1.9433350563049316
100,0.05,0.25,0.0125,0.0,1.5023109912872314
500,0.05,0.25,0.0125,0.0,1.5224618911743164
1000,0.05,0.25,0.0125,0.0,1.5252301692962646
5000,0.05,0.25,0.0125,0.0,1.5609076023101807
100,0.005,0.5,0.0125,0.0,493.9352972507477
500,0.005,0.5,0.0125,0.0,535.9802005290985
1000,0.005,0.5,0.0125,0.0,587.3380551338196
5000,0.005,0.5,0.0125,0.0,1067.9817397594452
100,0.0125,0.5,0.0125,0.0,59.05043625831604
500,0.0125,0.5,0.0125,0.0,65.75154280662537
1000,0.0125,0.5,0.0125,0.0,72.20523738861084
5000,0.0125,0.5,0.0125,0.0,112.96732544898987
100,0.025,0.5,0.0125,0.0,11.731683731079102
500,0.025,0.5,0.0125,0.0,12.515927791595459
1000,0.025,0.5,0.0125,0.0,12.894715070724487
5000,0.025,0.5,0.0125,0.0,15.659296035766602
100,0.0375,0.5,0.0125,0.0,4.584598064422607
500,0.0375,0.5,0.0125,0.0,4.797004222869873
1000,0.0375,0.5,0.0125,0.0,4.891821384429932
5000,0.0375,0.5,0.0125,0.0,5.571313142776489
100,0.05,0.5,0.0125,0.0,2.9229629039764404
500,0.05,0.5,0.0125,0.0,2.9992384910583496
1000,0.05,0.5,0.0125,0.0,3.0378592014312744
5000,0.05,0.5,0.0125,0.0,3.261909008026123
100,0.005,0.1,0.0125,0.0,11.655656814575195
500,0.005,0.1,0.0125,0.0,11.820905685424805
1000,0.005,0.1,0.0125,0.0,11.93906283378601
5000,0.005,0.1,0.0125,0.0,13.00458574295044
100,0.0125,0.1,0.0125,0.0,2.2682929039001465
500,0.0125,0.1,0.0125,0.0,2.2826037406921387
1000,0.0125,0.1,0.0125,0.0,2.2971789836883545
5000,0.0125,0.1,0.0125,0.0,2.3584446907043457
100,0.025,0.1,0.0125,0.0,1.415391206741333
500,0.025,0.1,0.0125,0.0,1.4251530170440674
1000,0.025,0.1,0.0125,0.0,1.4396443367004395
5000,0.025,0.1,0.0125,0.0,1.4702425003051758
100,0.0375,0.1,0.0125,0.0,1.240276575088501
500,0.0375,0.1,0.0125,0.0,1.2370738983154297
1000,0.0375,0.1,0.0125,0.0,1.2408816814422607
5000,0.0375,0.1,0.0125,0.0,1.2543809413909912
100,0.05,0.1,0.0125,0.0,1.1665115356445312
500,0.05,0.1,0.0125,0.0,1.1637086868286133
1000,0.05,0.1,0.0125,0.0,1.1685197353363037
5000,0.05,0.1,0.0125,0.0,1.170421838760376
100,0.005,0.25,0.0125,0.0,106.70664834976196
500,0.005,0.25,0.0125,0.0,112.23260545730591
1000,0.005,0.25,0.0125,0.0,118.9625506401062
5000,0.005,0.25,0.0125,0.0,166.1638903617859
100,0.0125,0.25,0.0125,0.0,11.659914255142212
500,0.0125,0.25,0.0125,0.0,11.993626594543457
1000,0.0125,0.25,0.0125,0.0,12.496645450592041
5000,0.0125,0.25,0.0125,0.0,14.119826555252075
100,0.025,0.25,0.0125,0.0,2.9094576835632324
500,0.025,0.25,0.0125,0.0,2.977825164794922
1000,0.025,0.25,0.0125,0.0,3.002237558364868
5000,0.025,0.25,0.0125,0.0,3.150998592376709
100,0.0375,0.25,0.0125,0.0,1.83608078956604
500,0.0375,0.25,0.0125,0.0,1.8514389991760254
1000,0.0375,0.25,0.0125,0.0,1.8814020156860352
5000,0.0375,0.25,0.0125,0.0,1.9438896179199219
100,0.05,0.25,0.0125,0.0,1.502964735031128
500,0.05,0.25,0.0125,0.0,1.5094718933105469
1000,0.05,0.25,0.0125,0.0,1.5300800800323486
5000,0.05,0.25,0.0125,0.0,1.562401294708252
100,0.005,0.5,0.0125,0.0,492.9831781387329
500,0.005,0.5,0.0125,0.0,535.5630683898926
1000,0.005,0.5,0.0125,0.0,587.2127575874329
5000,0.005,0.5,0.0125,0.0,1065.2346758842468
100,0.0125,0.5,0.0125,0.0,58.776376724243164
500,0.0125,0.5,0.0125,0.0,65.57976031303406
1000,0.0125,0.5,0.0125,0.0,72.49078369140625
5000,0.0125,0.5,0.0125,0.0,119.9386339187622
100,0.025,0.5,0.0125,0.0,13.787320375442505
500,0.025,0.5,0.0125,0.0,14.997442245483398
1000,0.025,0.5,0.0125,0.0,15.642820835113525
5000,0.025,0.5,0.0125,0.0,18.93089771270752
100,0.0375,0.5,0.0125,0.0,5.892657041549683
500,0.0375,0.5,0.0125,0.0,6.115037202835083
1000,0.0375,0.5,0.0125,0.0,5.904556512832642
5000,0.0375,0.5,0.0125,0.0,7.6915202140808105
100,0.05,0.5,0.0125,0.0,3.432983160018921
500,0.05,0.5,0.0125,0.0,4.238985061645508
1000,0.05,0.5,0.0125,0.0,3.997450590133667
5000,0.05,0.5,0.0125,0.0,4.294972658157349
100,0.005,0.1,0.0125,0.0,13.525863409042358
500,0.005,0.1,0.0125,0.0,13.913986682891846
1000,0.005,0.1,0.0125,0.0,14.129507303237915
5000,0.005,0.1,0.0125,0.0,14.869901418685913
100,0.0125,0.1,0.0125,0.0,2.2655327320098877
500,0.0125,0.1,0.0125,0.0,2.297898054122925
1000,0.0125,0.1,0.0125,0.0,2.302022695541382
5000,0.0125,0.1,0.0125,0.0,2.3572022914886475
100,0.025,0.1,0.0125,0.0,1.4192330837249756
500,0.025,0.1,0.0125,0.0,1.4287126064300537
1000,0.025,0.1,0.0125,0.0,1.439840316772461
5000,0.025,0.1,0.0125,0.0,1.4677507877349854
100,0.0375,0.1,0.0125,0.0,1.259939432144165
500,0.0375,0.1,0.0125,0.0,1.2394707202911377
1000,0.0375,0.1,0.0125,0.0,1.2516424655914307
5000,0.0375,0.1,0.0125,0.0,1.2498633861541748
100,0.05,0.1,0.0125,0.0,1.1672303676605225
500,0.05,0.1,0.0125,0.0,1.1678760051727295
1000,0.05,0.1,0.0125,0.0,1.1693732738494873
5000,0.05,0.1,0.0125,0.0,1.1798694133758545
100,0.005,0.25,0.0125,0.0,107.25959491729736
500,0.005,0.25,0.0125,0.0,112.32227277755737
1000,0.005,0.25,0.0125,0.0,118.59810543060303
5000,0.005,0.25,0.0125,0.0,166.39857006072998
100,0.0125,0.25,0.0125,0.0,11.684540033340454
500,0.0125,0.25,0.0125,0.0,12.02063536643982
1000,0.0125,0.25,0.0125,0.0,12.486972332000732
5000,0.0125,0.25,0.0125,0.0,14.146690130233765
100,0.025,0.25,0.0125,0.0,2.917714834213257
500,0.025,0.25,0.0125,0.0,2.9684834480285645
1000,0.025,0.25,0.0125,0.0,3.0107905864715576
5000,0.025,0.25,0.0125,0.0,3.1518046855926514
100,0.0375,0.25,0.0125,0.0,1.8411293029785156
500,0.0375,0.25,0.0125,0.0,1.8680484294891357
1000,0.0375,0.25,0.0125,0.0,1.8732376098632812
5000,0.0375,0.25,0.0125,0.0,1.9487171173095703
100,0.05,0.25,0.0125,0.0,1.5004603862762451
500,0.05,0.25,0.0125,0.0,1.5075852870941162
1000,0.05,0.25,0.0125,0.0,1.5208826065063477
5000,0.05,0.25,0.0125,0.0,1.5744967460632324
100,0.005,0.5,0.0125,0.0,494.58665227890015
500,0.005,0.5,0.0125,0.0,536.2717225551605
1000,0.005,0.5,0.0125,0.0,586.1214082241058
5000,0.005,0.5,0.0125,0.0,1068.4536294937134
100,0.0125,0.5,0.0125,0.0,58.94875884056091
500,0.0125,0.5,0.0125,0.0,66.09211039543152
1000,0.0125,0.5,0.0125,0.0,72.43507862091064
5000,0.0125,0.5,0.0125,0.0,113.09613561630249
100,0.025,0.5,0.0125,0.0,11.762617349624634
500,0.025,0.5,0.0125,0.0,12.508845567703247
1000,0.025,0.5,0.0125,0.0,12.919243097305298
5000,0.025,0.5,0.0125,0.0,15.599109649658203
100,0.0375,0.5,0.0125,0.0,4.599294424057007
500,0.0375,0.5,0.0125,0.0,4.800531387329102
1000,0.0375,0.5,0.0125,0.0,4.890381813049316
5000,0.0375,0.5,0.0125,0.0,5.585242986679077
100,0.05,0.5,0.0125,0.0,2.9126334190368652
500,0.05,0.5,0.0125,0.0,3.003553628921509
1000,0.05,0.5,0.0125,0.0,3.0506839752197266
5000,0.05,0.5,0.0125,0.0,3.2689716815948486
100,0.005,0.1,0.0125,0.0,11.65566086769104
500,0.005,0.1,0.0125,0.0,11.765152215957642
1000,0.005,0.1,0.0125,0.0,11.924853563308716
5000,0.005,0.1,0.0125,0.0,12.933889150619507
100,0.0125,0.1,0.0125,0.0,2.259653329849243
500,0.0125,0.1,0.0125,0.0,2.2856180667877197
1000,0.0125,0.1,0.0125,0.0,2.3074915409088135
5000,0.0125,0.1,0.0125,0.0,2.360701322555542
100,0.025,0.1,0.0125,0.0,1.429027795791626
500,0.025,0.1,0.0125,0.0,1.4304313659667969
1000,0.025,0.1,0.0125,0.0,1.4477293491363525
5000,0.025,0.1,0.0125,0.0,1.471691370010376
100,0.0375,0.1,0.0125,0.0,1.2417290210723877
500,0.0375,0.1,0.0125,0.0,1.2444875240325928
1000,0.0375,0.1,0.0125,0.0,1.2406721115112305
5000,0.0375,0.1,0.0125,0.0,1.2648069858551025
100,0.05,0.1,0.0125,0.0,1.1740968227386475
500,0.05,0.1,0.0125,0.0,1.16920804977417
1000,0.05,0.1,0.0125,0.0,1.1731915473937988
5000,0.05,0.1,0.0125,0.0,1.1898293495178223
100,0.005,0.25,0.0125,0.0,107.06050753593445
500,0.005,0.25,0.0125,0.0,112.01587653160095
1000,0.005,0.25,0.0125,0.0,118.39947032928467
5000,0.005,0.25,0.0125,0.0,166.54326176643372
100,0.0125,0.25,0.0125,0.0,11.646796464920044
500,0.0125,0.25,0.0125,0.0,11.998079538345337
1000,0.0125,0.25,0.0125,0.0,12.507310152053833
5000,0.0125,0.25,0.0125,0.0,14.140699863433838
100,0.025,0.25,0.0125,0.0,2.907256841659546
500,0.025,0.25,0.0125,0.0,2.964744806289673
1000,0.025,0.25,0.0125,0.0,3.0027453899383545
5000,0.025,0.25,0.0125,0.0,3.139986038208008
100,0.0375,0.25,0.0125,0.0,1.8350164890289307
500,0.0375,0.25,0.0125,0.0,1.8563587665557861
1000,0.0375,0.25,0.0125,0.0,1.8850414752960205
5000,0.0375,0.25,0.0125,0.0,1.9468696117401123
100,0.05,0.25,0.0125,0.0,1.4980213642120361
500,0.05,0.25,0.0125,0.0,1.5134327411651611
1000,0.05,0.25,0.0125,0.0,1.5205330848693848
5000,0.05,0.25,0.0125,0.0,1.5652384757995605
100,0.005,0.5,0.0125,0.0,493.49596977233887
500,0.005,0.5,0.0125,0.0,536.2916142940521
1000,0.005,0.5,0.0125,0.0,585.9772007465363
5000,0.005,0.5,0.0125,0.0,1072.031640291214
100,0.0125,0.5,0.0125,0.0,59.00568604469299
500,0.0125,0.5,0.0125,0.0,66.14723491668701
1000,0.0125,0.5,0.0125,0.0,72.27614068984985
5000,0.0125,0.5,0.0125,0.0,112.60041689872742
100,0.025,0.5,0.0125,0.0,11.777231693267822
500,0.025,0.5,0.0125,0.0,12.525826454162598
1000,0.025,0.5,0.0125,0.0,12.882790803909302
5000,0.025,0.5,0.0125,0.0,15.683498859405518
100,0.0375,0.5,0.0125,0.0,4.60495400428772
500,0.0375,0.5,0.0125,0.0,4.8132946491241455
1000,0.0375,0.5,0.0125,0.0,4.900894403457642
5000,0.0375,0.5,0.0125,0.0,5.599658966064453
100,0.05,0.5,0.0125,0.0,2.908158302307129
500,0.05,0.5,0.0125,0.0,3.0057733058929443
1000,0.05,0.5,0.0125,0.0,3.0676541328430176
5000,0.05,0.5,0.0125,0.0,3.268653154373169
100,0.005,0.1,0.0125,0.0,11.652053117752075
500,0.005,0.1,0.0125,0.0,11.787882566452026
1000,0.005,0.1,0.0125,0.0,12.232461214065552
5000,0.005,0.1,0.0125,0.0,12.920068264007568
100,0.0125,0.1,0.0125,0.0,2.274843215942383
500,0.0125,0.1,0.0125,0.0,2.27363657951355
1000,0.0125,0.1,0.0125,0.0,2.3001151084899902
5000,0.0125,0.1,0.0125,0.0,2.351975202560425
100,0.025,0.1,0.0125,0.0,1.424086332321167
500,0.025,0.1,0.0125,0.0,1.4272239208221436
1000,0.025,0.1,0.0125,0.0,1.4301509857177734
5000,0.025,0.1,0.0125,0.0,1.4735865592956543
100,0.0375,0.1,0.0125,0.0,1.2560625076293945
500,0.0375,0.1,0.0125,0.0,1.2411036491394043
1000,0.0375,0.1,0.0125,0.0,1.242408275604248
5000,0.0375,0.1,0.0125,0.0,1.2539763450622559
100,0.05,0.1,0.0125,0.0,1.1757376194000244
500,0.05,0.1,0.0125,0.0,1.1668846607208252
1000,0.05,0.1,0.0125,0.0,1.1694471836090088
5000,0.05,0.1,0.0125,0.0,1.192901611328125
100,0.005,0.25,0.0125,0.0,107.52135562896729
500,0.005,0.25,0.0125,0.0,112.87812066078186
1000,0.005,0.25,0.0125,0.0,118.85287880897522
5000,0.005,0.25,0.0125,0.0,166.13778352737427
100,0.0125,0.25,0.0125,0.0,11.644274711608887
500,0.0125,0.25,0.0125,0.0,12.014013051986694
1000,0.0125,0.25,0.0125,0.0,12.507971286773682
5000,0.0125,0.25,0.0125,0.0,14.285403490066528
100,0.025,0.25,0.0125,0.0,2.9214060306549072
500,0.025,0.25,0.0125,0.0,2.96852445602417
1000,0.025,0.25,0.0125,0.0,3.002298593521118
5000,0.025,0.25,0.0125,0.0,3.149287462234497
100,0.0375,0.25,0.0125,0.0,1.8496291637420654
500,0.0375,0.25,0.0125,0.0,1.866440773010254
1000,0.0375,0.25,0.0125,0.0,1.8790347576141357
5000,0.0375,0.25,0.0125,0.0,1.9468533992767334
100,0.05,0.25,0.0125,0.0,1.5002458095550537
500,0.05,0.25,0.0125,0.0,1.5110926628112793
1000,0.05,0.25,0.0125,0.0,1.5273487567901611
5000,0.05,0.25,0.0125,0.0,1.5616297721862793
100,0.005,0.5,0.0125,0.0,495.4423735141754
500,0.005,0.5,0.0125,0.0,536.1930561065674
1000,0.005,0.5,0.0125,0.0,586.5077238082886
5000,0.005,0.5,0.0125,0.0,1068.6499843597412
100,0.0125,0.5,0.0125,0.0,58.85350704193115
500,0.0125,0.5,0.0125,0.0,66.1421570777893
1000,0.0125,0.5,0.0125,0.0,72.22633147239685
5000,0.0125,0.5,0.0125,0.0,112.93974256515503
100,0.025,0.5,0.0125,0.0,11.714974641799927
500,0.025,0.5,0.0125,0.0,12.585479974746704
1000,0.025,0.5,0.0125,0.0,12.867168664932251
5000,0.025,0.5,0.0125,0.0,15.726368427276611
100,0.0375,0.5,0.0125,0.0,4.590147256851196
500,0.0375,0.5,0.0125,0.0,4.80685830116272
1000,0.0375,0.5,0.0125,0.0,4.8987367153167725
5000,0.0375,0.5,0.0125,0.0,5.56719970703125
100,0.05,0.5,0.0125,0.0,2.9176766872406006
500,0.05,0.5,0.0125,0.0,3.012064218521118
1000,0.05,0.5,0.0125,0.0,3.040048122406006
5000,0.05,0.5,0.0125,0.0,3.267014503479004
100,0.005,0.1,0.0125,0.0,11.665991067886353
500,0.005,0.1,0.0125,0.0,11.787089109420776
1000,0.005,0.1,0.0125,0.0,11.966591358184814
5000,0.005,0.1,0.0125,0.0,12.950764894485474
100,0.0125,0.1,0.0125,0.0,2.2622525691986084
500,0.0125,0.1,0.0125,0.0,2.281609535217285
1000,0.0125,0.1,0.0125,0.0,2.2999427318573
5000,0.0125,0.1,0.0125,0.0,2.355201482772827
100,0.025,0.1,0.0125,0.0,1.4238312244415283
500,0.025,0.1,0.0125,0.0,1.432887315750122
1000,0.025,0.1,0.0125,0.0,1.4323902130126953
5000,0.025,0.1,0.0125,0.0,1.4774549007415771
100,0.0375,0.1,0.0125,0.0,1.24532151222229
500,0.0375,0.1,0.0125,0.0,1.2458572387695312
1000,0.0375,0.1,0.0125,0.0,1.2360692024230957
5000,0.0375,0.1,0.0125,0.0,1.2497670650482178
100,0.05,0.1,0.0125,0.0,1.1710789203643799
500,0.05,0.1,0.0125,0.0,1.1682109832763672
1000,0.05,0.1,0.0125,0.0,1.174438238143921
5000,0.05,0.1,0.0125,0.0,1.182419776916504
100,0.005,0.25,0.0125,0.0,107.62289834022522
500,0.005,0.25,0.0125,0.0,112.41055655479431
1000,0.005,0.25,0.0125,0.0,118.8218343257904
5000,0.005,0.25,0.0125,0.0,166.65391564369202
100,0.0125,0.25,0.0125,0.0,11.666140079498291
500,0.0125,0.25,0.0125,0.0,11.99369478225708
1000,0.0125,0.25,0.0125,0.0,12.508234024047852
5000,0.0125,0.25,0.0125,0.0,14.157608985900879
100,0.025,0.25,0.0125,0.0,2.9050841331481934
500,0.025,0.25,0.0125,0.0,2.9621758460998535
1000,0.025,0.25,0.0125,0.0,3.0221951007843018
5000,0.025,0.25,0.0125,0.0,3.1626651287078857
100,0.0375,0.25,0.0125,0.0,1.8308866024017334
500,0.0375,0.25,0.0125,0.0,1.8657488822937012
1000,0.0375,0.25,0.0125,0.0,1.8714048862457275
5000,0.0375,0.25,0.0125,0.0,1.9509000778198242
100,0.05,0.25,0.0125,0.0,1.4959752559661865
500,0.05,0.25,0.0125,0.0,1.5078983306884766
1000,0.05,0.25,0.0125,0.0,1.5229012966156006
5000,0.05,0.25,0.0125,0.0,1.581697702407837
100,0.005,0.5,0.0125,0.0,495.6315007209778
500,0.005,0.5,0.0125,0.0,536.6056983470917
1000,0.005,0.5,0.0125,0.0,587.1147317886353
5000,0.005,0.5,0.0125,0.0,1070.9265141487122
100,0.0125,0.5,0.0125,0.0,59.05569624900818
500,0.0125,0.5,0.0125,0.0,66.36552715301514
1000,0.0125,0.5,0.0125,0.0,72.73482871055603
5000,0.0125,0.5,0.0125,0.0,112.71382141113281
100,0.025,0.5,0.0125,0.0,11.724595069885254
500,0.025,0.5,0.0125,0.0,12.520362138748169
1000,0.025,0.5,0.0125,0.0,12.880021095275879
5000,0.025,0.5,0.0125,0.0,15.644473552703857
100,0.0375,0.5,0.0125,0.0,4.625342130661011
500,0.0375,0.5,0.0125,0.0,4.812303066253662
1000,0.0375,0.5,0.0125,0.0,4.889531850814819
5000,0.0375,0.5,0.0125,0.0,5.581242561340332
100,0.05,0.5,0.0125,0.0,2.9422872066497803
500,0.05,0.5,0.0125,0.0,3.002809762954712
1000,0.05,0.5,0.0125,0.0,3.050732374191284
5000,0.05,0.5,0.0125,0.0,3.2736129760742188
100,0.005,0.1,0.0125,0.0,11.666463851928711
500,0.005,0.1,0.0125,0.0,11.787525653839111
1000,0.005,0.1,0.0125,0.0,11.935069561004639
5000,0.005,0.1,0.0125,0.0,12.990586519241333
100,0.0125,0.1,0.0125,0.0,2.2686550617218018
500,0.0125,0.1,0.0125,0.0,2.2736239433288574
1000,0.0125,0.1,0.0125,0.0,2.31034255027771
5000,0.0125,0.1,0.0125,0.0,2.362905979156494
100,0.025,0.1,0.0125,0.0,1.4226012229919434
500,0.025,0.1,0.0125,0.0,1.431748867034912
1000,0.025,0.1,0.0125,0.0,1.4326143264770508
5000,0.025,0.1,0.0125,0.0,1.4695463180541992
100,0.0375,0.1,0.0125,0.0,1.2437660694122314
500,0.0375,0.1,0.0125,0.0,1.2396936416625977
1000,0.0375,0.1,0.0125,0.0,1.24399733543396
5000,0.0375,0.1,0.0125,0.0,1.2511041164398193
100,0.05,0.1,0.0125,0.0,1.16469144821167
500,0.05,0.1,0.0125,0.0,1.1693134307861328
1000,0.05,0.1,0.0125,0.0,1.166898488998413
5000,0.05,0.1,0.0125,0.0,1.1808369159698486
100,0.005,0.25,0.0125,0.0,107.45965528488159
500,0.005,0.25,0.0125,0.0,112.4259147644043
1000,0.005,0.25,0.0125,0.0,118.95201563835144
5000,0.005,0.25,0.0125,0.0,166.11076092720032
100,0.0125,0.25,0.0125,0.0,11.694855213165283
500,0.0125,0.25,0.0125,0.0,12.009042263031006
1000,0.0125,0.25,0.0125,0.0,12.520093441009521
5000,0.0125,0.25,0.0125,0.0,14.159484148025513
100,0.025,0.25,0.0125,0.0,2.904545307159424
500,0.025,0.25,0.0125,0.0,2.956775188446045
1000,0.025,0.25,0.0125,0.0,3.004041910171509
5000,0.025,0.25,0.0125,0.0,3.1470654010772705
100,0.0375,0.25,0.0125,0.0,1.8343067169189453
500,0.0375,0.25,0.0125,0.0,1.8590476512908936
1000,0.0375,0.25,0.0125,0.0,1.8728184700012207
5000,0.0375,0.25,0.0125,0.0,1.9650838375091553
100,0.05,0.25,0.0125,0.0,1.5087790489196777
500,0.05,0.25,0.0125,0.0,1.5186617374420166
1000,0.05,0.25,0.0125,0.0,1.5208897590637207
5000,0.05,0.25,0.0125,0.0,1.5623810291290283
100,0.005,0.5,0.0125,0.0,493.1822142601013
500,0.005,0.5,0.0125,0.0,535.7895166873932
1000,0.005,0.5,0.0125,0.0,586.0014235973358
5000,0.005,0.5,0.0125,0.0,1069.8032701015472
100,0.0125,0.5,0.0125,0.0,58.777472257614136
500,0.0125,0.5,0.0125,0.0,65.81262183189392
1000,0.0125,0.5,0.0125,0.0,72.33278346061707
5000,0.0125,0.5,0.0125,0.0,112.80231666564941
100,0.025,0.5,0.0125,0.0,11.74458909034729
500,0.025,0.5,0.0125,0.0,12.563595294952393
1000,0.025,0.5,0.0125,0.0,12.871478796005249
5000,0.025,0.5,0.0125,0.0,15.636781454086304
100,0.0375,0.5,0.0125,0.0,4.612895250320435
500,0.0375,0.5,0.0125,0.0,4.807931900024414
1000,0.0375,0.5,0.0125,0.0,4.8916709423065186
5000,0.0375,0.5,0.0125,0.0,5.586956739425659
100,0.05,0.5,0.0125,0.0,2.908071994781494
500,0.05,0.5,0.0125,0.0,3.001392364501953
1000,0.05,0.5,0.0125,0.0,3.0510919094085693
5000,0.05,0.5,0.0125,0.0,3.27462100982666
100,0.005,0.1,0.0125,0.0,11.617774963378906
500,0.005,0.1,0.0125,0.0,11.771182537078857
1000,0.005,0.1,0.0125,0.0,11.939380884170532
5000,0.005,0.1,0.0125,0.0,12.939446449279785
100,0.0125,0.1,0.0125,0.0,2.263247013092041
500,0.0125,0.1,0.0125,0.0,2.285085678100586
1000,0.0125,0.1,0.0125,0.0,2.3111777305603027
5000,0.0125,0.1,0.0125,0.0,2.3642425537109375
100,0.025,0.1,0.0125,0.0,1.4308977127075195
500,0.025,0.1,0.0125,0.0,1.4312870502471924
1000,0.025,0.1,0.0125,0.0,1.4344022274017334
5000,0.025,0.1,0.0125,0.0,1.4746627807617188
100,0.0375,0.1,0.0125,0.0,1.2361528873443604
500,0.0375,0.1,0.0125,0.0,1.2377440929412842
1000,0.0375,0.1,0.0125,0.0,1.2480542659759521
5000,0.0375,0.1,0.0125,0.0,1.2601301670074463
100,0.05,0.1,0.0125,0.0,1.1692266464233398
500,0.05,0.1,0.0125,0.0,1.168290615081787
1000,0.05,0.1,0.0125,0.0,1.1720943450927734
5000,0.05,0.1,0.0125,0.0,1.1798632144927979
100,0.005,0.25,0.0125,0.0,107.38650155067444
500,0.005,0.25,0.0125,0.0,112.58379197120667
1000,0.005,0.25,0.0125,0.0,118.91618990898132
5000,0.005,0.25,0.0125,0.0,166.21342992782593
100,0.0125,0.25,0.0125,0.0,11.659307718276978
500,0.0125,0.25,0.0125,0.0,11.997302055358887
1000,0.0125,0.25,0.0125,0.0,12.679165124893188
5000,0.0125,0.25,0.0125,0.0,14.13211441040039
100,0.025,0.25,0.0125,0.0,2.9121875762939453
500,0.025,0.25,0.0125,0.0,2.9597902297973633
1000,0.025,0.25,0.0125,0.0,3.006399631500244
5000,0.025,0.25,0.0125,0.0,3.1472811698913574
100,0.0375,0.25,0.0125,0.0,1.8409712314605713
500,0.0375,0.25,0.0125,0.0,1.8588745594024658
1000,0.0375,0.25,0.0125,0.0,1.876598596572876
5000,0.0375,0.25,0.0125,0.0,1.9484238624572754
100,0.05,0.25,0.0125,0.0,1.4987621307373047
500,0.05,0.25,0.0125,0.0,1.5181119441986084
1000,0.05,0.25,0.0125,0.0,1.5244998931884766
5000,0.05,0.25,0.0125,0.0,1.572880744934082
100,0.005,0.5,0.0125,0.0,493.6289973258972
500,0.005,0.5,0.0125,0.0,537.1644115447998
1000,0.005,0.5,0.0125,0.0,586.359561920166
5000,0.005,0.5,0.0125,0.0,1068.2519056797028
100,0.0125,0.5,0.0125,0.0,59.045528173446655
500,0.0125,0.5,0.0125,0.0,66.07402563095093
1000,0.0125,0.5,0.0125,0.0,72.25697588920593
5000,0.0125,0.5,0.0125,0.0,113.2613365650177
100,0.025,0.5,0.0125,0.0,11.70919156074524
500,0.025,0.5,0.0125,0.0,12.528522968292236
1000,0.025,0.5,0.0125,0.0,12.869679927825928
5000,0.025,0.5,0.0125,0.0,15.636399507522583
100,0.0375,0.5,0.0125,0.0,4.581740379333496
500,0.0375,0.5,0.0125,0.0,4.808266878128052
1000,0.0375,0.5,0.0125,0.0,4.9069859981536865
5000,0.0375,0.5,0.0125,0.0,5.589260578155518
100,0.05,0.5,0.0125,0.0,2.920387029647827
500,0.05,0.5,0.0125,0.0,3.0032546520233154
1000,0.05,0.5,0.0125,0.0,3.0577926635742188
5000,0.05,0.5,0.0125,0.0,3.2797634601593018
100,0.005,0.1,0.0125,0.0,11.615993022918701
500,0.005,0.1,0.0125,0.0,11.775138139724731
1000,0.005,0.1,0.0125,0.0,11.96469521522522
5000,0.005,0.1,0.0125,0.0,12.958913803100586
100,0.0125,0.1,0.0125,0.0,2.2738428115844727
500,0.0125,0.1,0.0125,0.0,2.4000649452209473
1000,0.0125,0.1,0.0125,0.0,2.3059442043304443
5000,0.0125,0.1,0.0125,0.0,2.365621328353882
100,0.025,0.1,0.0125,0.0,1.4284183979034424
500,0.025,0.1,0.0125,0.0,1.4277124404907227
1000,0.025,0.1,0.0125,0.0,1.4334616661071777
5000,0.025,0.1,0.0125,0.0,1.4715654850006104
100,0.0375,0.1,0.0125,0.0,1.243393898010254
500,0.0375,0.1,0.0125,0.0,1.2393479347229004
1000,0.0375,0.1,0.0125,0.0,1.248314380645752
5000,0.0375,0.1,0.0125,0.0,1.2547686100006104
100,0.05,0.1,0.0125,0.0,1.1711769104003906
500,0.05,0.1,0.0125,0.0,1.1760873794555664
1000,0.05,0.1,0.0125,0.0,1.1727945804595947
5000,0.05,0.1,0.0125,0.0,1.1823201179504395
100,0.005,0.25,0.0125,0.0,107.36763334274292
500,0.005,0.25,0.0125,0.0,112.13518953323364
1000,0.005,0.25,0.0125,0.0,118.47462463378906
5000,0.005,0.25,0.0125,0.0,166.42170763015747
100,0.0125,0.25,0.0125,0.0,11.704700708389282
500,0.0125,0.25,0.0125,0.0,11.965844869613647
1000,0.0125,0.25,0.0125,0.0,12.5275719165802
5000,0.0125,0.25,0.0125,0.0,14.132081508636475
100,0.025,0.25,0.0125,0.0,2.9141838550567627
500,0.025,0.25,0.0125,0.0,2.9679372310638428
1000,0.025,0.25,0.0125,0.0,3.0217020511627197
5000,0.025,0.25,0.0125,0.0,3.1485378742218018
100,0.0375,0.25,0.0125,0.0,1.8357901573181152
500,0.0375,0.25,0.0125,0.0,1.8577558994293213
1000,0.0375,0.25,0.0125,0.0,1.87319016456604
5000,0.0375,0.25,0.0125,0.0,1.9490511417388916
100,0.05,0.25,0.0125,0.0,1.584054946899414
500,0.05,0.25,0.0125,0.0,1.6094481945037842
1000,0.05,0.25,0.0125,0.0,1.5274882316589355
5000,0.05,0.25,0.0125,0.0,1.5656940937042236
100,0.005,0.5,0.0125,0.0,495.18803787231445
500,0.005,0.5,0.0125,0.0,536.5868682861328
1000,0.005,0.5,0.0125,0.0,586.5709941387177
5000,0.005,0.5,0.0125,0.0,1066.526772737503
100,0.0125,0.5,0.0125,0.0,58.96633720397949
500,0.0125,0.5,0.0125,0.0,65.5974452495575
1000,0.0125,0.5,0.0125,0.0,72.16837882995605
5000,0.0125,0.5,0.0125,0.0,113.25616693496704
100,0.025,0.5,0.0125,0.0,11.719287872314453
500,0.025,0.5,0.0125,0.0,12.599493741989136
1000,0.025,0.5,0.0125,0.0,12.924909114837646
5000,0.025,0.5,0.0125,0.0,15.661315441131592
100,0.0375,0.5,0.0125,0.0,4.590775012969971
500,0.0375,0.5,0.0125,0.0,4.803444862365723
1000,0.0375,0.5,0.0125,0.0,4.908316135406494
5000,0.0375,0.5,0.0125,0.0,5.601083755493164
100,0.05,0.5,0.0125,0.0,2.9162843227386475
500,0.05,0.5,0.0125,0.0,3.010101079940796
1000,0.05,0.5,0.0125,0.0,3.0537257194519043
5000,0.05,0.5,0.0125,0.0,3.2912559509277344
100,0.005,0.1,0.0125,0.0,11.647666931152344
500,0.005,0.1,0.0125,0.0,11.804181575775146
1000,0.005,0.1,0.0125,0.0,11.994410514831543
5000,0.005,0.1,0.0125,0.0,13.060081720352173
100,0.0125,0.1,0.0125,0.0,2.270005941390991
500,0.0125,0.1,0.0125,0.0,2.283808708190918
1000,0.0125,0.1,0.0125,0.0,2.3046462535858154
5000,0.0125,0.1,0.0125,0.0,2.359710454940796
100,0.025,0.1,0.0125,0.0,1.423964500427246
500,0.025,0.1,0.0125,0.0,1.4372050762176514
1000,0.025,0.1,0.0125,0.0,1.43284010887146
5000,0.025,0.1,0.0125,0.0,1.4661645889282227
100,0.0375,0.1,0.0125,0.0,1.248042106628418
500,0.0375,0.1,0.0125,0.0,1.2397363185882568
1000,0.0375,0.1,0.0125,0.0,1.2437117099761963
5000,0.0375,0.1,0.0125,0.0,1.259000539779663
100,0.05,0.1,0.0125,0.0,1.1655068397521973
500,0.05,0.1,0.0125,0.0,1.1721272468566895
1000,0.05,0.1,0.0125,0.0,1.18162202835083
5000,0.05,0.1,0.0125,0.0,1.1731581687927246
100,0.005,0.25,0.0125,0.0,107.55873274803162
500,0.005,0.25,0.0125,0.0,112.3758454322815
1000,0.005,0.25,0.0125,0.0,118.7272539138794
5000,0.005,0.25,0.0125,0.0,166.42887496948242
100,0.0125,0.25,0.0125,0.0,11.743904113769531
500,0.0125,0.25,0.0125,0.0,12.02996277809143
1000,0.0125,0.25,0.0125,0.0,12.501991033554077
5000,0.0125,0.25,0.0125,0.0,14.120587348937988
100,0.025,0.25,0.0125,0.0,2.9043378829956055
500,0.025,0.25,0.0125,0.0,2.9666566848754883
1000,0.025,0.25,0.0125,0.0,3.008098840713501
5000,0.025,0.25,0.0125,0.0,3.1520416736602783
100,0.0375,0.25,0.0125,0.0,1.8466436862945557
500,0.0375,0.25,0.0125,0.0,1.864837884902954
1000,0.0375,0.25,0.0125,0.0,1.872255802154541
5000,0.0375,0.25,0.0125,0.0,1.9466800689697266
100,0.05,0.25,0.0125,0.0,1.4994192123413086
500,0.05,0.25,0.0125,0.0,1.5173439979553223
1000,0.05,0.25,0.0125,0.0,1.5265538692474365
5000,0.05,0.25,0.0125,0.0,1.5658254623413086
100,0.005,0.5,0.0125,0.0,494.68054032325745
500,0.005,0.5,0.0125,0.0,536.1388020515442
1000,0.005,0.5,0.0125,0.0,586.4861824512482
5000,0.005,0.5,0.0125,0.0,1068.0344185829163
100,0.0125,0.5,0.0125,0.0,58.99826693534851
500,0.0125,0.5,0.0125,0.0,66.0917296409607
1000,0.0125,0.5,0.0125,0.0,72.47201037406921
5000,0.0125,0.5,0.0125,0.0,112.82551336288452
100,0.025,0.5,0.0125,0.0,11.721566915512085
500,0.025,0.5,0.0125,0.0,12.541949272155762
1000,0.025,0.5,0.0125,0.0,12.894394397735596
5000,0.025,0.5,0.0125,0.0,15.645936012268066
100,0.0375,0.5,0.0125,0.0,4.60678505897522
500,0.0375,0.5,0.0125,0.0,4.8238465785980225
1000,0.0375,0.5,0.0125,0.0,4.904844760894775
5000,0.0375,0.5,0.0125,0.0,5.598078727722168
100,0.05,0.5,0.0125,0.0,2.9212961196899414
500,0.05,0.5,0.0125,0.0,3.0132741928100586
1000,0.05,0.5,0.0125,0.0,3.047271728515625
5000,0.05,0.5,0.0125,0.0,3.2811713218688965
